allowed_degradation_threshold,ci_lower,ci_upper,direction,effect,metric_name,state
0.0043,-0.0014197121362353603,0.004596055554092742,lower_is_better,0.0015881717089286911,uninstall_rate,fail
0.016,-0.002268602158984862,0.0048335631176668545,lower_is_better,0.0012824804793409965,support_ticket_rate,pass
