allowed_degradation_threshold,ci_lower,ci_upper,direction,effect,metric_name,state
0.0043,-0.0007478107343228822,0.002325167368965053,lower_is_better,0.0007886783173210853,uninstall_rate,pass
0.016,-0.003310069497545881,0.00039177235715135827,lower_is_better,-0.0014591485701972613,support_ticket_rate,pass
